Workbook

Sheet Опт
A1: Дата | B1: Заказ ID | C1: TG ID | D1: Клиент | E1: Артикул | F1: Товар | G1: Кол-во | H1: Цена закупа | I1: Σ закупа | J1: Цена продажи | K1: Σ продажи | L1: Прибыль | M1: Форма оплаты | N1: Этап сборки | O1: Комментарий | P1: Статус | Q1: ID позиции (служеб.)
A2: === СЕНТЯБРЬ 2026 ===
A3: 46276 | B3: 154 | C3: 111111 | D3: Иван (@ivan) | E3: AM-08 | F3: Бусы из аметиста, 8 мм | G3: 2 | H3: 1500 | I3: =G3*H3 | J3: 2500 | K3: =G3*J3 | L3: =K3-I3 | M3: Перевод | N3: Собран | P3: confirmed | Q3: 812
A4: 46276 | B4: 154 | C4: 111111 | D4: Иван (@ivan) | E4: GH-06 | F4: Бусы из горного хрусталя, 6 мм | G4: 1 | H4: 800 | I4: =G4*H4 | J4: 1400 | K4: =G4*J4 | L4: =K4-I4 | M4: Перевод | N4: Собран | P4: confirmed | Q4: 813
F5: ИТОГО ЗАКАЗ 154: | I5: =SUM(I3:I4) | K5: =SUM(K3:K4) | L5: =SUM(L3:L4)
A6: 46277 | B6: 155 | C6: 222222 | D6: Ольга (@olga) | E6: AM-08 | F6: Бусы из аметиста, 8 мм | G6: 1 | H6: 1500 | I6: =G6*H6 | J6: 2500 | K6: =G6*J6 | L6: =K6-I6 | M6: QR код | N6: В работе | P6: confirmed | Q6: 814
F7: ИТОГО ЗАКАЗ 155: | I7: =SUM(I6:I6) | K7: =SUM(K6:K6) | L7: =SUM(L6:L6)
A8: ИТОГО СЕНТЯБРЬ 2026: | F8: =COUNTIF(F3:F7,"ИТОГО ЗАКАЗ*") | G8: =SUMPRODUCT(ISNUMBER(G3:G7)*G3:G7) | I8: =SUMPRODUCT(ISNUMBER(H3:H7)*I3:I7) | K8: =SUMPRODUCT(ISNUMBER(H3:H7)*K3:K7) | L8: =SUMPRODUCT(ISNUMBER(H3:H7)*L3:L7)
A10: === ОКТЯБРЬ 2026 ===
A11: 46298 | B11: 156 | C11: 111111 | D11: Иван (@ivan) | E11: LAVA-10 | F11: Бусы из вулканической лавы, 10 мм | G11: 3 | H11: 300 | I11: =G11*H11 | J11: 700 | K11: =G11*J11 | L11: =K11-I11 | M11: Наличные | N11: Отгружен | P11: confirmed | Q11: 815
F12: ИТОГО ЗАКАЗ 156: | I12: =SUM(I11:I11) | K12: =SUM(K11:K11) | L12: =SUM(L11:L11)
A13: ИТОГО ОКТЯБРЬ 2026: | F13: =COUNTIF(F11:F12,"ИТОГО ЗАКАЗ*") | G13: =SUMPRODUCT(ISNUMBER(G11:G12)*G11:G12) | I13: =SUMPRODUCT(ISNUMBER(H11:H12)*I11:I12) | K13: =SUMPRODUCT(ISNUMBER(H11:H12)*K11:K12) | L13: =SUMPRODUCT(ISNUMBER(H11:H12)*L11:L12)
A15: ВСЕГО ЗА ВСЁ ВРЕМЯ: | I15: =I8+I13 | K15: =K8+K13 | L15: =L8+L13

Sheet Розница
A1: Дата | B1: Заказ ID | C1: TG ID | D1: Клиент | E1: Артикул | F1: Товар | G1: Кол-во | H1: Цена закупа | I1: Σ закупа | J1: Цена продажи | K1: Σ продажи | L1: Прибыль | M1: Форма оплаты | N1: Этап сборки | O1: Комментарий | P1: Статус | Q1: ID позиции (служеб.)
A2: === СЕНТЯБРЬ 2026 ===
A3: 46280 | B3: Р-01 | D3: Розничный покупатель | E3: GH-06 | F3: Бусы из горного хрусталя, 6 мм | G3: 1 | H3: 800 | I3: =G3*H3 | J3: 1400 | K3: =G3*J3 | L3: =K3-I3 | M3: Наличные | N3: Отгружен | P3: продан
F4: ИТОГО ЗАКАЗ Р-01: | I4: =SUM(I3:I3) | K4: =SUM(K3:K3) | L4: =SUM(L3:L3)
A5: 46285 | B5: Р-02 | D5: Розничный покупатель | E5: AM-08 | F5: Бусы из аметиста, 8 мм | G5: 1 | H5: 1500 | I5: =G5*H5 | J5: 2500 | K5: =G5*J5 | L5: =K5-I5 | M5: QR код | N5: Отгружен | P5: продан
A6: 46285 | B6: Р-02 | D6: Розничный покупатель | E6: LAVA-10 | F6: Бусы из вулканической лавы, 10 мм | G6: 2 | H6: 300 | I6: =G6*H6 | J6: 700 | K6: =G6*J6 | L6: =K6-I6 | M6: QR код | N6: Отгружен | P6: продан
F7: ИТОГО ЗАКАЗ Р-02: | I7: =SUM(I5:I6) | K7: =SUM(K5:K6) | L7: =SUM(L5:L6)
A8: ИТОГО СЕНТЯБРЬ 2026: | F8: =COUNTIF(F3:F7,"ИТОГО ЗАКАЗ*") | G8: =SUMPRODUCT(ISNUMBER(G3:G7)*G3:G7) | I8: =SUMPRODUCT(ISNUMBER(H3:H7)*I3:I7) | K8: =SUMPRODUCT(ISNUMBER(H3:H7)*K3:K7) | L8: =SUMPRODUCT(ISNUMBER(H3:H7)*L3:L7)
A10: ↓ новые строки вносит продавец: дата, заказ, клиент, товар (из Справочника), кол-во, форма оплаты, этап сборки; цены подставьте формулой VLOOKUP по артикулу, Σ и Прибыль — скопируйте из строки выше
A12: ВСЕГО ЗА ВСЁ ВРЕМЯ: | I12: =I8 | K12: =K8 | L12: =L8

Sheet Справочник
A1: Артикул | B1: Название | C1: Категория | D1: Цена закупа (вручную) | E1: Цена продажи | F1: Наценка (коэфф.) | G1: В наличии
A2: AM-08 | B2: Бусы из аметиста, 8 мм | C2: Бусы | D2: 1500 | E2: =ROUND(D2*F2,0) | F2: 1.67 | G2: TRUE
A3: GH-06 | B3: Бусы из горного хрусталя, 6 мм | C3: Бусы | D3: 800 | E3: =ROUND(D3*F3,0) | F3: 1.75 | G3: TRUE
A4: LAVA-10 | B4: Бусы из вулканической лавы, 10 мм | C4: Бусы | D4: 300 | E4: =ROUND(D4*F4,0) | F4: 2.33 | G4: TRUE
A6: Жёлтые колонки («Цена закупа», «Наценка») заполняются вручную один раз — бот их НЕ перезаписывает. «Цена продажи» = ROUND(закуп × наценка) — обновится автоматически при правке закупа (этап 6). Артикул/название/категорию/наличие синхронизирует бот.

Sheet Отчёт
A1: СВОД ПО МЕСЯЦАМ (Опт + Розница)
A2: Месяц | B2: Закуп | C2: Продажа | D2: Прибыль | E2: Заказов | G2: СВОД ПО КЛИЕНТАМ (Опт)
A3: СЕНТЯБРЬ 2026 | B3: ='Опт'!I8+'Розница'!I8 | C3: ='Опт'!K8+'Розница'!K8 | D3: ='Опт'!L8+'Розница'!L8 | E3: ='Опт'!F8+'Розница'!F8 | G3: Клиент | H3: Закуп | I3: Продажа | J3: Прибыль
A4: ОКТЯБРЬ 2026 | B4: ='Опт'!I13 | C4: ='Опт'!K13 | D4: ='Опт'!L13 | E4: ='Опт'!F13 | G4: Иван (@ivan) | H4: =SUMIFS('Опт'!I:I,'Опт'!D:D,G4,'Опт'!G:G,">0") | I4: =SUMIFS('Опт'!K:K,'Опт'!D:D,G4,'Опт'!G:G,">0") | J4: =SUMIFS('Опт'!L:L,'Опт'!D:D,G4,'Опт'!G:G,">0")
A5: ИТОГО | B5: =SUM(B3:B4) | C5: =SUM(C3:C4) | D5: =SUM(D3:D4) | E5: =SUM(E3:E4) | G5: Ольга (@olga) | H5: =SUMIFS('Опт'!I:I,'Опт'!D:D,G5,'Опт'!G:G,">0") | I5: =SUMIFS('Опт'!K:K,'Опт'!D:D,G5,'Опт'!G:G,">0") | J5: =SUMIFS('Опт'!L:L,'Опт'!D:D,G5,'Опт'!G:G,">0")
G7: Все суммы — формулы, пересчитываются автоматически при правках строк.

Sheet Как это работает
A1: ШАБЛОН УЧЁТА ЗАКАЗОВ: Telegram-бот ↔ таблица
A3: Лист «Опт» — заказы из Telegram, заполняется БОТОМ автоматически после подтверждения оплаты.
A4: Лист «Розница» — продажи в магазине, заполняется ПРОДАВЦОМ вручную (бот только читает для итогов).
A5: Лист «Справочник» — номенклатура: жёлтые колонки («Цена закупа», «Наценка») вносят вручную один раз,
A6: бот их никогда не перезаписывает; «Цена продажи» считается автоматически = закуп × наценка.
A7: Лист «Отчёт» — свод по месяцам и по клиентам, все суммы формулами.
A9: КОЛОНКИ «ФОРМА ОПЛАТЫ», «ЭТАП СБОРКИ», «КОММЕНТАРИЙ»:
A10: • «Форма оплаты» — выпадающий список: QR код / Наличные / Перевод / Не оплачен.
A11: Оплаченные формы подсвечиваются зелёным, «Не оплачен» — красным (автоматически).
A12: • «Этап сборки» — выпадающий список: Принят / В работе / Собран / Отгружен (с подсветкой).
A13: • «Комментарий» — свободная колонка для любой информации о клиенте/заказе.
A14: Бот заполняет строку заказа, а оплату/этап/комментарий продавец выбирает вручную
... A35: бот при записи нового месяца будет создавать новую группу автоматически.
